{
  "PPO Actor-Critic": {
    "Total Return %": 23.26907610767579,
    "CAGR": 0.18280945726392317,
    "Sharpe Ratio": 0.967259204808778,
    "Sortino Ratio": 1.6713167423215125,
    "Max Drawdown": -0.17280085640978426,
    "Volatility": 0.19264404933808305,
    "Calmar Ratio": 1.0579198567766601,
    "Win Rate": 0.535031847133758,
    "Final Portfolio Value": 1232690.761076758,
    "Turnover": 0.006551518751557466,
    "Avg Holding Period": 152.6361297763954
  }
}