{
  "PPO Actor-Critic": {
    "Total Return %": 16.25349590894669,
    "CAGR": 0.14085452400117515,
    "Sharpe Ratio": 0.7058764130409738,
    "Sortino Ratio": 1.1334027130537039,
    "Max Drawdown": -0.1726850138483036,
    "Volatility": 0.221611191259341,
    "Calmar Ratio": 0.8156731198742575,
    "Win Rate": 0.53125,
    "Final Portfolio Value": 1162534.9590894668,
    "Turnover": 0.0075819534508304465,
    "Avg Holding Period": 131.89195328842985
  }
}