{
  "PPO Actor-Critic": {
    "Total Return %": 54.712530823974845,
    "CAGR": 1.3935967193959367,
    "Sharpe Ratio": 4.209873081531084,
    "Max Drawdown": -0.07491090491179964,
    "Volatility": 0.21303162744374188,
    "Calmar Ratio": 18.60338919996711,
    "Win Rate": 0.5952380952380952,
    "Final Portfolio Value": 1547125.3082397485,
    "Turnover": 0.018419746368650406
  },
  "BuyHold EqualWeight": {
    "Total Return %": 64.92652505876413,
    "CAGR": 1.720075866795915,
    "Sharpe Ratio": 4.37697270745793,
    "Max Drawdown": -0.08356549441914463,
    "Volatility": 0.2353572294139497,
    "Calmar Ratio": 20.58356596525863,
    "Win Rate": 0.6111111111111112,
    "Final Portfolio Value": 1649265.2505876413,
    "Turnover": 0.0
  },
  "Markowitz": {
    "Total Return %": 56.16841857403008,
    "CAGR": 1.4388574959913463,
    "Sharpe Ratio": 3.777779952441795,
    "Max Drawdown": -0.08356549441914463,
    "Volatility": 0.24425243640324407,
    "Calmar Ratio": 17.218320863087097,
    "Win Rate": 0.6031746031746031,
    "Final Portfolio Value": 1561684.1857403007,
    "Turnover": 0.02236619242109383
  },
  "Random Allocation": {
    "Total Return %": 63.77784306827612,
    "CAGR": 1.6823181880096878,
    "Sharpe Ratio": 4.09387814707273,
    "Max Drawdown": -0.08799187233829686,
    "Volatility": 0.24900049893828713,
    "Calmar Ratio": 19.119017964997767,
    "Win Rate": 0.5714285714285714,
    "Final Portfolio Value": 1637778.4306827611,
    "Turnover": 0.9192774744997984
  }
}