{
  "train_reward": [
    -16.56489372253418,
    -1.0045804977416992,
    -26.19175148010254,
    -3.6303555965423584,
    -0.9666566848754883,
    -6.09308385848999,
    -31.541580200195312,
    20.771108627319336,
    9.340242385864258,
    -18.93660545349121,
    -30.09207534790039,
    27.318239212036133,
    -22.985366821289062,
    6.063102722167969,
    -13.568449020385742,
    5.178576946258545,
    4.341290473937988,
    25.96173095703125,
    17.426448822021484,
    -9.019524574279785,
    12.340880393981934,
    20.336183547973633,
    -9.86033821105957,
    0.401078462600708,
    -8.633302688598633,
    23.837495803833008
  ],
  "train_reward_raw": [
    3.1243939663480123,
    3.289968328438317,
    2.6760497578103237,
    3.016783462106518,
    3.059132194560945,
    2.9341446717813637,
    2.376524691472993,
    3.3980955836927556,
    3.2120013625050254,
    2.625745060014999,
    2.364366512025901,
    3.515716690955223,
    2.501218394018878,
    3.0828316723494957,
    2.662394225177283,
    3.049910963389041,
    3.029770661335967,
    3.4975591617443733,
    3.3494584313517626,
    2.786229839908591,
    3.2219638730372355,
    3.415855612360678,
    2.812024378018494,
    3.023783395499057,
    2.830242921862221,
    3.4982472595071226
  ],
  "actor_loss": [
    0.07403954642359167,
    0.03319986143615097,
    0.034937706069710354,
    0.020695341737397635,
    0.023321074957493693,
    0.021645068322929242,
    0.018872061433891456,
    0.0224832132826729,
    0.013420177848699193,
    0.009845189253489177,
    0.011862280553517242,
    0.012147541999972115,
    0.006154478545067832,
    0.009044151516476025,
    0.011234212503768503,
    0.015943445783341302,
    0.005459485571676245,
    0.013324501318857073,
    0.008062679339976361,
    0.0028484945728754004,
    -5.7712267152965066e-05,
    0.005735284967037539,
    0.013259962594990309,
    0.0027044123349090417,
    0.01408499969014277,
    0.007531611726153642
  ],
  "critic_loss": [
    7.218139771620432,
    3.650415134926637,
    2.6587050812939803,
    1.9243936287860075,
    1.0906594519813855,
    1.0304566616813342,
    1.3111433520913125,
    0.9368379207948844,
    0.9080683956543605,
    0.8061660322050254,
    0.8666700561841328,
    0.8835932259758313,
    0.8065837738414605,
    0.737203303227822,
    0.7151843835910161,
    0.7420596731205781,
    0.7379949289063613,
    0.8657042607665062,
    0.7069839830199878,
    0.5960931740701199,
    0.6317229298253854,
    0.5696374169240396,
    0.5720657641688983,
    0.5732842338581879,
    0.6298939610520998,
    0.6256703580419223
  ],
  "entropy": [
    -15.915528512001037,
    -15.902899114290873,
    -15.906471300125123,
    -15.824370272954305,
    -15.808432992299398,
    -15.787384104728698,
    -15.79045824209849,
    -15.787623771031697,
    -15.765831510225931,
    -15.752171079317728,
    -15.725690348943074,
    -15.748665769894918,
    -15.73486381371816,
    -15.74221956729889,
    -15.72538076241811,
    -15.70304578145345,
    -15.687776668866475,
    -15.684040546417236,
    -15.698501467704773,
    -15.699200089772543,
    -15.695847622553508,
    -15.676303919156393,
    -15.665277886390687,
    -15.668030126889546,
    -15.66972102324168,
    -15.665021951993307
  ],
  "entropy_coef": [
    0.010000000000000002,
    0.00999362213054543,
    0.009974506600945617,
    0.009942707596246051,
    0.0098983152541804,
    0.009841455409665325,
    0.009772289238107718,
    0.009691012798535525,
    0.009597856477847111,
    0.009493084337754573,
    0.009376993366272127,
    0.00924991263587132,
    0.009112202370689337,
    0.008964252925434579,
    0.008806483678883804,
    0.008639341845107434,
    0.008463301205792674,
    0.008278860767257864,
    0.008086543345964831,
    0.00788689408653884,
    0.007680478916496927,
    0.007467882942064851,
    0.0072497087896299444,
    0.007026574897531136,
    0.006799113763028295,
    0.006567970149420018
  ],
  "val_sharpe": [
    2.650902387741017,
    2.6331043746021803,
    2.619684191323104,
    2.6068837204089887,
    2.6082645173273664,
    2.6126224771258593,
    2.6028551728158122,
    2.5846703893551086,
    2.605689773805636,
    2.594372469304159,
    2.6029781847785363,
    2.6161762651574527,
    2.6060177243749503,
    2.61360711802238,
    2.6045464339805244,
    2.594658994462658,
    2.5949965611949195,
    2.5927647930823103,
    2.58155610564654,
    2.597783206786505,
    2.600225527715049,
    2.5988579377178858,
    2.594425049386789,
    2.595756810528996,
    2.580972907628459,
    2.5784987517989637
  ],
  "val_max_drawdown": [
    0.11406929458048276,
    0.11592154511570452,
    0.11707335402243957,
    0.11835308734828753,
    0.11812386785383022,
    0.11668943255197894,
    0.11703149908476718,
    0.11693988847194048,
    0.1163441095717428,
    0.11741976115580222,
    0.11804712840217302,
    0.11727795820447728,
    0.11766423284651772,
    0.11715806222037473,
    0.1174595402613755,
    0.11817602791681403,
    0.11884543550371074,
    0.11835825099487318,
    0.11756960625243262,
    0.11707859949274424,
    0.11589668508832507,
    0.11621472999336979,
    0.11683470110338467,
    0.1176380468402326,
    0.11810595483481301,
    0.11908854387912471
  ],
  "val_score": [
    2.5938677404507757,
    2.575143602044328,
    2.5611475143118843,
    2.547707176734845,
    2.5492025834004512,
    2.5542777608498697,
    2.5443394232734287,
    2.526200445119138,
    2.5475177190197646,
    2.535662588726258,
    2.5439546205774497,
    2.557537286055214,
    2.5471856079516915,
    2.5550280869121926,
    2.5458166638498367,
    2.535570980504251,
    2.535573843443064,
    2.5335856675848736,
    2.5227713025203236,
    2.5392439070401327,
    2.5422771851708865,
    2.5407505727212008,
    2.5360076988350966,
    2.53693778710888,
    2.5219199302110527,
    2.5189544798594015
  ],
  "val_final_value": [
    1632393.4421244022,
    1636191.3210416764,
    1637892.551684314,
    1640215.943107791,
    1637488.6154304247,
    1627449.295441944,
    1621840.5978190743,
    1620203.1771104084,
    1627010.9453024622,
    1624922.3505167332,
    1634043.389395261,
    1630840.4648766355,
    1631862.8862408057,
    1635089.852240555,
    1632566.1415866513,
    1628321.9463699798,
    1634020.026945962,
    1628652.6891429937,
    1623250.797661331,
    1622171.1135043357,
    1617510.4921251687,
    1616576.1231277082,
    1616909.4366626998,
    1625038.130943556,
    1623498.6462889183,
    1626324.2094091128
  ],
  "mean_gross_return": [
    0.0008669677366880223,
    0.0009323150184689388,
    0.0008421155763526353,
    0.0008340271338573024,
    0.0009067164222204422,
    0.0008735883783194956,
    0.0008255582452384197,
    0.0009331127870539917,
    0.0009397980889191086,
    0.0008022206368215645,
    0.0008602052997850054,
    0.0009483086343575593,
    0.0008596224340716481,
    0.0008964324026358012,
    0.0008170784756961889,
    0.0008967529455822883,
    0.0009624753044942517,
    0.0009097776881123825,
    0.0008720423002495716,
    0.0008727081319836831,
    0.0008201681155766578,
    0.000968937074997988,
    0.0008719969878469283,
    0.0009496988566593958,
    0.0008384376369773261,
    0.000967817605407795
  ],